"BehaviorSpace results (NetLogo 6.4.0)","Table version 2.0"
"Enteroscape_v4.1.nlogo"
"parameter sweep (Beneficial-Microbe-molecule-secretion-rate)"
"01/08/2025 08:40:59:365 -0800"
"min-pxcor","max-pxcor","min-pycor","max-pycor"
"-20","20","-10","10"
"[run number]","Eat","Yeast-Speed","Yeast-intake-prob","Yeast-adhesion-prob","Yeast-deadhesion-Prob","Yeast-biofilm-secretion-rate","Beneficial-Microbe-Speed","Beneficial-Microbe-intake-prob","Beneficial-Microbe-adhesion-prob","Beneficial-Microbe-deadhesion-Prob","Beneficial-Microbe-molecule-secretion-rate","Beneficial-Microbe-molecule-degradation-rate","Worm-Death-Probability","[step]","count turtles","ticks","g-death-tracker","g-pharynx-inflammation"
"8","true","0.59","34","53","36","0.04","0.59","34","53","36","0.1","0.2","0.02","2180","978","2181","2","40"
"6","true","0.59","34","53","36","0.04","0.59","34","53","36","0.1","0.2","0.02","2023","893","2024","1","32"
"5","true","0.59","34","53","36","0.04","0.59","34","53","36","0.1","0.2","0.02","2027","946","2028","1","39"
"7","true","0.59","34","53","36","0.04","0.59","34","53","36","0.1","0.2","0.02","2715","1115","2716","2","41"
"11","true","0.59","34","53","36","0.04","0.59","34","53","36","0.1","0.2","0.02","2220","956","2221","2","38"
"3","true","0.59","34","53","36","0.04","0.59","34","53","36","0.1","0.2","0.02","2498","1045","2499","1","40"
"2","true","0.59","34","53","36","0.04","0.59","34","53","36","0.1","0.2","0.02","2803","1107","2804","1","38"
"15","true","0.59","34","53","36","0.04","0.59","34","53","36","0.1","0.2","0.02","1592","740","1593","1","31"
"12","true","0.59","34","53","36","0.04","0.59","34","53","36","0.1","0.2","0.02","3988","1387","3989","2","36"
"18","true","0.59","34","53","36","0.04","0.59","34","53","36","0.1","0.2","0.02","1718","834","1719","1","32"
"10","true","0.59","34","53","36","0.04","0.59","34","53","36","0.1","0.2","0.02","3481","1301","3482","1","40"
"9","true","0.59","34","53","36","0.04","0.59","34","53","36","0.1","0.2","0.02","3575","1307","3576","2","38"
"1","true","0.59","34","53","36","0.04","0.59","34","53","36","0.1","0.2","0.02","2875","1116","2876","1","36"
"16","true","0.59","34","53","36","0.04","0.59","34","53","36","0.1","0.2","0.02","3060","1230","3061","1","42"
"23","true","0.59","34","53","36","0.04","0.59","34","53","36","0.1","0.2","0.02","2015","841","2016","1","39"
"4","true","0.59","34","53","36","0.04","0.59","34","53","36","0.1","0.2","0.02","4367","1508","4368","2","39"
"13","true","0.59","34","53","36","0.04","0.59","34","53","36","0.1","0.2","0.02","3886","1420","3887","2","38"
"25","true","0.59","34","53","36","0.04","0.59","34","53","36","0.1","0.2","0.02","1785","772","1786","2","31"
"20","true","0.59","34","53","36","0.04","0.59","34","53","36","0.1","0.2","0.02","2692","1203","2693","1","41"
"22","true","0.59","34","53","36","0.04","0.59","34","53","36","0.1","0.2","0.02","2343","1040","2344","1","38"
"19","true","0.59","34","53","36","0.04","0.59","34","53","36","0.1","0.2","0.02","3027","1212","3028","1","41"
"14","true","0.59","34","53","36","0.04","0.59","34","53","36","0.1","0.2","0.02","3882","1404","3883","1","41"
"21","true","0.59","34","53","36","0.04","0.59","34","53","36","0.1","0.2","0.02","3242","1304","3243","1","39"
"29","true","0.59","34","53","36","0.04","0.59","34","53","36","0.1","0.2","0.02","1941","886","1942","2","38"
"24","true","0.59","34","53","36","0.04","0.59","34","53","36","0.1","0.2","0.02","3113","1271","3114","1","40"
"17","true","0.59","34","53","36","0.04","0.59","34","53","36","0.1","0.2","0.02","3853","1393","3854","2","38"
"26","true","0.59","34","53","36","0.04","0.59","34","53","36","0.1","0.2","0.02","3066","1145","3067","2","37"
"35","true","0.59","34","53","36","0.04","0.59","34","53","36","0.1","0.2","0.02","2143","942","2144","2","39"
"30","true","0.59","34","53","36","0.04","0.59","34","53","36","0.1","0.2","0.02","2139","887","2140","1","40"
"38","true","0.59","34","53","36","0.04","0.59","34","53","36","0.1","0.2","0.02","1810","856","1811","1","35"
"27","true","0.59","34","53","36","0.04","0.59","34","53","36","0.1","0.2","0.02","3643","1384","3644","1","39"
"34","true","0.59","34","53","36","0.04","0.59","34","53","36","0.1","0.2","0.02","2504","982","2505","1","36"
"36","true","0.59","34","53","36","0.04","0.59","34","53","36","0.1","0.2","0.02","2916","1190","2917","2","41"
"28","true","0.59","34","53","36","0.04","0.59","34","53","36","0.1","0.2","0.02","4092","1305","4093","1","36"
"33","true","0.59","34","53","36","0.04","0.59","34","53","36","0.1","0.2","0.02","2997","1265","2998","1","40"
"37","true","0.59","34","53","36","0.04","0.59","34","53","36","0.1","0.2","0.02","3083","1282","3084","1","38"
"42","true","0.59","34","53","36","0.04","0.59","34","53","36","0.1","0.2","0.02","1696","789","1697","1","30"
"39","true","0.59","34","53","36","0.04","0.59","34","53","36","0.1","0.2","0.02","3069","1277","3070","1","40"
"31","true","0.59","34","53","36","0.04","0.59","34","53","36","0.1","0.2","0.02","3375","1375","3376","1","39"
"45","true","0.59","34","53","36","0.04","0.59","34","53","36","0.1","0.2","0.02","2029","927","2030","1","35"
"46","true","0.59","34","53","36","0.04","0.59","34","53","36","0.1","0.2","0.02","2241","960","2242","1","40"
"44","true","0.59","34","53","36","0.04","0.59","34","53","36","0.1","0.2","0.02","2412","1047","2413","2","42"
"43","true","0.59","34","53","36","0.04","0.59","34","53","36","0.1","0.2","0.02","3051","1230","3052","2","37"
"40","true","0.59","34","53","36","0.04","0.59","34","53","36","0.1","0.2","0.02","3828","1335","3829","2","37"
"32","true","0.59","34","53","36","0.04","0.59","34","53","36","0.1","0.2","0.02","4233","1549","4234","1","41"
"50","true","0.59","34","53","36","0.04","0.59","34","53","36","0.1","0.2","0.02","2493","1067","2494","1","42"
"52","true","0.59","34","53","36","0.04","0.59","34","53","36","0.1","0.2","0.02","2217","985","2218","1","39"
"53","true","0.59","34","53","36","0.04","0.59","34","53","36","0.1","0.2","0.02","2732","1174","2733","1","41"
"47","true","0.59","34","53","36","0.04","0.59","34","53","36","0.1","0.2","0.02","3279","1231","3280","2","38"
"48","true","0.59","34","53","36","0.04","0.59","34","53","36","0.1","0.2","0.02","3716","1415","3717","1","39"
"49","true","0.59","34","53","36","0.04","0.59","34","53","36","0.1","0.2","0.02","3295","1183","3296","2","39"
"57","true","0.59","34","53","36","0.04","0.59","34","53","36","0.1","0.2","0.02","1990","908","1991","2","36"
"51","true","0.59","34","53","36","0.04","0.59","34","53","36","0.1","0.2","0.02","3508","1190","3509","1","41"
"62","true","0.59","34","53","36","0.04","0.59","34","53","36","0.1","0.2","0.02","1833","748","1834","1","36"
"56","true","0.59","34","53","36","0.04","0.59","34","53","36","0.1","0.2","0.02","3292","1308","3293","2","41"
"54","true","0.59","34","53","36","0.04","0.59","34","53","36","0.1","0.2","0.02","3273","1299","3274","2","42"
"63","true","0.59","34","53","36","0.04","0.59","34","53","36","0.1","0.2","0.02","1920","848","1921","1","39"
"60","true","0.59","34","53","36","0.04","0.59","34","53","36","0.1","0.2","0.02","2468","997","2469","2","37"
"59","true","0.59","34","53","36","0.04","0.59","34","53","36","0.1","0.2","0.02","3367","1281","3368","2","40"
"64","true","0.59","34","53","36","0.04","0.59","34","53","36","0.1","0.2","0.02","2043","946","2044","1","39"
"55","true","0.59","34","53","36","0.04","0.59","34","53","36","0.1","0.2","0.02","3910","1325","3911","2","38"
"67","true","0.59","34","53","36","0.04","0.59","34","53","36","0.1","0.2","0.02","1508","669","1509","1","29"
"71","true","0.59","34","53","36","0.04","0.59","34","53","36","0.1","0.2","0.02","931","470","932","1","19"
"58","true","0.59","34","53","36","0.04","0.59","34","53","36","0.1","0.2","0.02","3915","1344","3916","2","37"
"61","true","0.59","34","53","36","0.04","0.59","34","53","36","0.1","0.2","0.02","3277","1252","3278","2","39"
"66","true","0.59","34","53","36","0.04","0.59","34","53","36","0.1","0.2","0.02","3052","1230","3053","2","37"
"70","true","0.59","34","53","36","0.04","0.59","34","53","36","0.1","0.2","0.02","2690","1078","2691","2","37"
"68","true","0.59","34","53","36","0.04","0.59","34","53","36","0.1","0.2","0.02","2464","1057","2465","1","39"
"72","true","0.59","34","53","36","0.04","0.59","34","53","36","0.1","0.2","0.02","2431","957","2432","2","36"
"77","true","0.59","34","53","36","0.04","0.59","34","53","36","0.1","0.2","0.02","1058","527","1059","2","19"
"75","true","0.59","34","53","36","0.04","0.59","34","53","36","0.1","0.2","0.02","2798","1063","2799","1","37"
"74","true","0.59","34","53","36","0.04","0.59","34","53","36","0.1","0.2","0.02","3094","1190","3095","2","38"
"41","true","0.59","34","53","36","0.04","0.59","34","53","36","0.1","0.2","0.02","4378","1466","4379","2","41"
"65","true","0.59","34","53","36","0.04","0.59","34","53","36","0.1","0.2","0.02","3290","1287","3291","1","39"
"78","true","0.59","34","53","36","0.04","0.59","34","53","36","0.1","0.2","0.02","2058","944","2059","1","39"
"81","true","0.59","34","53","36","0.04","0.59","34","53","36","0.1","0.2","0.02","1521","719","1522","1","31"
"85","true","0.59","34","53","36","0.04","0.59","34","53","36","0.1","0.2","0.02","1104","544","1105","1","21"
"73","true","0.59","34","53","36","0.04","0.59","34","53","36","0.1","0.2","0.02","3910","1360","3911","1","38"
"79","true","0.59","34","53","36","0.04","0.59","34","53","36","0.1","0.2","0.02","2727","1128","2728","1","41"
"69","true","0.59","34","53","36","0.04","0.59","34","53","36","0.1","0.2","0.02","3469","1210","3470","2","38"
"76","true","0.59","34","53","36","0.04","0.59","34","53","36","0.1","0.2","0.02","3886","1368","3887","1","39"
"91","true","0.59","34","53","36","0.04","0.59","34","53","36","0.1","0.2","0.02","1531","759","1532","1","34"
"84","true","0.59","34","53","36","0.04","0.59","34","53","36","0.1","0.2","0.02","3252","1290","3253","1","40"
"93","true","0.59","34","53","36","0.04","0.59","34","53","36","0.1","0.2","0.02","1743","819","1744","1","34"
"83","true","0.59","34","53","36","0.04","0.59","34","53","36","0.1","0.2","0.02","3500","1303","3501","2","42"
"82","true","0.59","34","53","36","0.04","0.59","34","53","36","0.1","0.2","0.02","3099","1118","3100","2","39"
"87","true","0.59","34","53","36","0.04","0.59","34","53","36","0.1","0.2","0.02","3179","1241","3180","1","38"
"90","true","0.59","34","53","36","0.04","0.59","34","53","36","0.1","0.2","0.02","3022","1142","3023","1","39"
"89","true","0.59","34","53","36","0.04","0.59","34","53","36","0.1","0.2","0.02","2205","951","2206","1","38"
"95","true","0.59","34","53","36","0.04","0.59","34","53","36","0.1","0.2","0.02","1834","854","1835","2","39"
"80","true","0.59","34","53","36","0.04","0.59","34","53","36","0.1","0.2","0.02","3767","1495","3768","1","41"
"97","true","0.59","34","53","36","0.04","0.59","34","53","36","0.1","0.2","0.02","2238","925","2239","1","36"
"86","true","0.59","34","53","36","0.04","0.59","34","53","36","0.1","0.2","0.02","3488","1252","3489","2","40"
"88","true","0.59","34","53","36","0.04","0.59","34","53","36","0.1","0.2","0.02","3230","1324","3231","1","40"
"100","true","0.59","34","53","36","0.04","0.59","34","53","36","0.1","0.2","0.02","2332","984","2333","1","38"
"102","true","0.59","34","53","36","0.04","0.59","34","53","36","0.2","0.2","0.02","2443","705","2444","1","27"
"96","true","0.59","34","53","36","0.04","0.59","34","53","36","0.1","0.2","0.02","3136","1167","3137","2","34"
"101","true","0.59","34","53","36","0.04","0.59","34","53","36","0.2","0.2","0.02","1973","675","1974","1","31"
"92","true","0.59","34","53","36","0.04","0.59","34","53","36","0.1","0.2","0.02","3613","1313","3614","1","40"
"94","true","0.59","34","53","36","0.04","0.59","34","53","36","0.1","0.2","0.02","3620","1310","3621","1","41"
"104","true","0.59","34","53","36","0.04","0.59","34","53","36","0.2","0.2","0.02","3215","802","3216","2","25"
"110","true","0.59","34","53","36","0.04","0.59","34","53","36","0.2","0.2","0.02","1502","610","1503","1","20"
"99","true","0.59","34","53","36","0.04","0.59","34","53","36","0.1","0.2","0.02","3700","1409","3701","1","40"
"103","true","0.59","34","53","36","0.04","0.59","34","53","36","0.2","0.2","0.02","3176","864","3177","1","28"
"111","true","0.59","34","53","36","0.04","0.59","34","53","36","0.2","0.2","0.02","1929","697","1930","2","29"
"106","true","0.59","34","53","36","0.04","0.59","34","53","36","0.2","0.2","0.02","3266","729","3267","2","26"
"116","true","0.59","34","53","36","0.04","0.59","34","53","36","0.2","0.2","0.02","1307","554","1308","2","19"
"108","true","0.59","34","53","36","0.04","0.59","34","53","36","0.2","0.2","0.02","3689","934","3690","2","33"
"112","true","0.59","34","53","36","0.04","0.59","34","53","36","0.2","0.2","0.02","3327","827","3328","1","30"
"118","true","0.59","34","53","36","0.04","0.59","34","53","36","0.2","0.2","0.02","1385","583","1386","2","23"
"113","true","0.59","34","53","36","0.04","0.59","34","53","36","0.2","0.2","0.02","2681","777","2682","2","30"
"98","true","0.59","34","53","36","0.04","0.59","34","53","36","0.1","0.2","0.02","4178","1478","4179","1","39"
"109","true","0.59","34","53","36","0.04","0.59","34","53","36","0.2","0.2","0.02","3955","948","3956","1","31"
"120","true","0.59","34","53","36","0.04","0.59","34","53","36","0.2","0.2","0.02","1681","614","1682","1","30"
"107","true","0.59","34","53","36","0.04","0.59","34","53","36","0.2","0.2","0.02","4267","1032","4268","2","32"
"105","true","0.59","34","53","36","0.04","0.59","34","53","36","0.2","0.2","0.02","4388","1004","4389","2","30"
"115","true","0.59","34","53","36","0.04","0.59","34","53","36","0.2","0.2","0.02","3129","853","3130","2","33"
"125","true","0.59","34","53","36","0.04","0.59","34","53","36","0.2","0.2","0.02","1082","507","1083","2","21"
"114","true","0.59","34","53","36","0.04","0.59","34","53","36","0.2","0.2","0.02","2841","783","2842","2","29"
"119","true","0.59","34","53","36","0.04","0.59","34","53","36","0.2","0.2","0.02","2882","719","2883","2","21"
"130","true","0.59","34","53","36","0.04","0.59","34","53","36","0.2","0.2","0.02","2026","714","2027","1","33"
"129","true","0.59","34","53","36","0.04","0.59","34","53","36","0.2","0.2","0.02","2353","725","2354","2","29"
"126","true","0.59","34","53","36","0.04","0.59","34","53","36","0.2","0.2","0.02","3135","805","3136","2","22"
"121","true","0.59","34","53","36","0.04","0.59","34","53","36","0.2","0.2","0.02","3833","918","3834","2","23"
"117","true","0.59","34","53","36","0.04","0.59","34","53","36","0.2","0.2","0.02","3538","875","3539","2","33"
"127","true","0.59","34","53","36","0.04","0.59","34","53","36","0.2","0.2","0.02","3187","838","3188","2","28"
"123","true","0.59","34","53","36","0.04","0.59","34","53","36","0.2","0.2","0.02","3563","1010","3564","2","36"
"128","true","0.59","34","53","36","0.04","0.59","34","53","36","0.2","0.2","0.02","2648","690","2649","2","24"
"124","true","0.59","34","53","36","0.04","0.59","34","53","36","0.2","0.2","0.02","3346","897","3347","1","34"
"133","true","0.59","34","53","36","0.04","0.59","34","53","36","0.2","0.2","0.02","2454","692","2455","2","28"
"138","true","0.59","34","53","36","0.04","0.59","34","53","36","0.2","0.2","0.02","1718","554","1719","1","19"
"132","true","0.59","34","53","36","0.04","0.59","34","53","36","0.2","0.2","0.02","2688","760","2689","2","21"
"122","true","0.59","34","53","36","0.04","0.59","34","53","36","0.2","0.2","0.02","4170","1042","4171","2","28"
"141","true","0.59","34","53","36","0.04","0.59","34","53","36","0.2","0.2","0.02","1163","506","1164","1","23"
"137","true","0.59","34","53","36","0.04","0.59","34","53","36","0.2","0.2","0.02","2272","729","2273","1","29"
"139","true","0.59","34","53","36","0.04","0.59","34","53","36","0.2","0.2","0.02","3148","778","3149","1","22"
"135","true","0.59","34","53","36","0.04","0.59","34","53","36","0.2","0.2","0.02","3535","885","3536","2","25"
"134","true","0.59","34","53","36","0.04","0.59","34","53","36","0.2","0.2","0.02","3769","973","3770","1","32"
"136","true","0.59","34","53","36","0.04","0.59","34","53","36","0.2","0.2","0.02","3683","847","3684","2","26"
"143","true","0.59","34","53","36","0.04","0.59","34","53","36","0.2","0.2","0.02","2429","746","2430","2","28"
"149","true","0.59","34","53","36","0.04","0.59","34","53","36","0.2","0.2","0.02","788","393","789","1","10"
"140","true","0.59","34","53","36","0.04","0.59","34","53","36","0.2","0.2","0.02","3241","747","3242","2","29"
"142","true","0.59","34","53","36","0.04","0.59","34","53","36","0.2","0.2","0.02","3784","911","3785","2","31"
"150","true","0.59","34","53","36","0.04","0.59","34","53","36","0.2","0.2","0.02","2410","727","2411","1","27"
"153","true","0.59","34","53","36","0.04","0.59","34","53","36","0.2","0.2","0.02","2534","727","2535","1","26"
"157","true","0.59","34","53","36","0.04","0.59","34","53","36","0.2","0.2","0.02","646","329","647","2","4"
"151","true","0.59","34","53","36","0.04","0.59","34","53","36","0.2","0.2","0.02","2904","814","2905","2","29"
"131","true","0.59","34","53","36","0.04","0.59","34","53","36","0.2","0.2","0.02","4028","939","4029","2","29"
"156","true","0.59","34","53","36","0.04","0.59","34","53","36","0.2","0.2","0.02","1300","507","1301","1","22"
"146","true","0.59","34","53","36","0.04","0.59","34","53","36","0.2","0.2","0.02","3636","889","3637","2","22"
"148","true","0.59","34","53","36","0.04","0.59","34","53","36","0.2","0.2","0.02","3999","962","4000","2","30"
"144","true","0.59","34","53","36","0.04","0.59","34","53","36","0.2","0.2","0.02","4015","1000","4016","2","30"
"152","true","0.59","34","53","36","0.04","0.59","34","53","36","0.2","0.2","0.02","3869","918","3870","2","25"
"145","true","0.59","34","53","36","0.04","0.59","34","53","36","0.2","0.2","0.02","4170","947","4171","1","24"
"147","true","0.59","34","53","36","0.04","0.59","34","53","36","0.2","0.2","0.02","3904","931","3905","1","29"
"155","true","0.59","34","53","36","0.04","0.59","34","53","36","0.2","0.2","0.02","3061","820","3062","2","28"
"163","true","0.59","34","53","36","0.04","0.59","34","53","36","0.2","0.2","0.02","1348","548","1349","1","26"
"159","true","0.59","34","53","36","0.04","0.59","34","53","36","0.2","0.2","0.02","2430","733","2431","1","29"
"161","true","0.59","34","53","36","0.04","0.59","34","53","36","0.2","0.2","0.02","2318","739","2319","2","34"
"158","true","0.59","34","53","36","0.04","0.59","34","53","36","0.2","0.2","0.02","2935","797","2936","1","25"
"165","true","0.59","34","53","36","0.04","0.59","34","53","36","0.2","0.2","0.02","2486","775","2487","1","35"
"169","true","0.59","34","53","36","0.04","0.59","34","53","36","0.2","0.2","0.02","1941","667","1942","2","32"
"154","true","0.59","34","53","36","0.04","0.59","34","53","36","0.2","0.2","0.02","3877","1056","3878","2","29"
"172","true","0.59","34","53","36","0.04","0.59","34","53","36","0.2","0.2","0.02","2664","791","2665","2","30"
"168","true","0.59","34","53","36","0.04","0.59","34","53","36","0.2","0.2","0.02","3122","860","3123","2","29"
"162","true","0.59","34","53","36","0.04","0.59","34","53","36","0.2","0.2","0.02","3313","933","3314","2","36"
"166","true","0.59","34","53","36","0.04","0.59","34","53","36","0.2","0.2","0.02","3369","837","3370","2","30"
"164","true","0.59","34","53","36","0.04","0.59","34","53","36","0.2","0.2","0.02","3702","974","3703","1","30"
"176","true","0.59","34","53","36","0.04","0.59","34","53","36","0.2","0.2","0.02","2018","584","2019","2","26"
"170","true","0.59","34","53","36","0.04","0.59","34","53","36","0.2","0.2","0.02","3934","944","3935","2","30"
"177","true","0.59","34","53","36","0.04","0.59","34","53","36","0.2","0.2","0.02","1938","644","1939","1","28"
"171","true","0.59","34","53","36","0.04","0.59","34","53","36","0.2","0.2","0.02","4613","934","4614","2","24"
"173","true","0.59","34","53","36","0.04","0.59","34","53","36","0.2","0.2","0.02","3532","912","3533","2","33"
"174","true","0.59","34","53","36","0.04","0.59","34","53","36","0.2","0.2","0.02","3379","931","3380","2","38"
"167","true","0.59","34","53","36","0.04","0.59","34","53","36","0.2","0.2","0.02","4253","992","4254","2","25"
"160","true","0.59","34","53","36","0.04","0.59","34","53","36","0.2","0.2","0.02","3863","1027","3864","1","27"
"183","true","0.59","34","53","36","0.04","0.59","34","53","36","0.2","0.2","0.02","1918","621","1919","2","24"
"188","true","0.59","34","53","36","0.04","0.59","34","53","36","0.2","0.2","0.02","673","342","674","1","7"
"175","true","0.59","34","53","36","0.04","0.59","34","53","36","0.2","0.2","0.02","3452","842","3453","2","27"
"181","true","0.59","34","53","36","0.04","0.59","34","53","36","0.2","0.2","0.02","2805","734","2806","2","30"
"186","true","0.59","34","53","36","0.04","0.59","34","53","36","0.2","0.2","0.02","2118","665","2119","2","25"
"178","true","0.59","34","53","36","0.04","0.59","34","53","36","0.2","0.2","0.02","3432","914","3433","2","31"
"182","true","0.59","34","53","36","0.04","0.59","34","53","36","0.2","0.2","0.02","4227","789","4228","2","20"
"179","true","0.59","34","53","36","0.04","0.59","34","53","36","0.2","0.2","0.02","3962","869","3963","2","28"
"184","true","0.59","34","53","36","0.04","0.59","34","53","36","0.2","0.2","0.02","3958","888","3959","2","24"
"180","true","0.59","34","53","36","0.04","0.59","34","53","36","0.2","0.2","0.02","3896","942","3897","2","37"
"185","true","0.59","34","53","36","0.04","0.59","34","53","36","0.2","0.2","0.02","4223","955","4224","2","23"
"192","true","0.59","34","53","36","0.04","0.59","34","53","36","0.2","0.2","0.02","3324","782","3325","2","30"
"195","true","0.59","34","53","36","0.04","0.59","34","53","36","0.2","0.2","0.02","1906","668","1907","1","29"
"193","true","0.59","34","53","36","0.04","0.59","34","53","36","0.2","0.2","0.02","3663","767","3664","2","20"
"189","true","0.59","34","53","36","0.04","0.59","34","53","36","0.2","0.2","0.02","3966","884","3967","2","29"
"201","true","0.59","34","53","36","0.04","0.59","34","53","36","0.3","0.2","0.02","962","408","963","1","13"
"199","true","0.59","34","53","36","0.04","0.59","34","53","36","0.2","0.2","0.02","1641","605","1642","1","21"
"187","true","0.59","34","53","36","0.04","0.59","34","53","36","0.2","0.2","0.02","3717","975","3718","2","36"
"191","true","0.59","34","53","36","0.04","0.59","34","53","36","0.2","0.2","0.02","3440","879","3441","2","31"
"197","true","0.59","34","53","36","0.04","0.59","34","53","36","0.2","0.2","0.02","2313","710","2314","2","28"
"202","true","0.59","34","53","36","0.04","0.59","34","53","36","0.3","0.2","0.02","1735","506","1736","1","16"
"200","true","0.59","34","53","36","0.04","0.59","34","53","36","0.2","0.2","0.02","2412","694","2413","1","25"
"194","true","0.59","34","53","36","0.04","0.59","34","53","36","0.2","0.2","0.02","3660","796","3661","2","26"
"209","true","0.59","34","53","36","0.04","0.59","34","53","36","0.3","0.2","0.02","1353","490","1354","1","21"
"206","true","0.59","34","53","36","0.04","0.59","34","53","36","0.3","0.2","0.02","1604","524","1605","1","23"
"196","true","0.59","34","53","36","0.04","0.59","34","53","36","0.2","0.2","0.02","2949","784","2950","2","27"
"208","true","0.59","34","53","36","0.04","0.59","34","53","36","0.3","0.2","0.02","1990","590","1991","2","22"
"190","true","0.59","34","53","36","0.04","0.59","34","53","36","0.2","0.2","0.02","3546","852","3547","2","29"
"210","true","0.59","34","53","36","0.04","0.59","34","53","36","0.3","0.2","0.02","1626","504","1627","2","15"
"212","true","0.59","34","53","36","0.04","0.59","34","53","36","0.3","0.2","0.02","1392","488","1393","2","21"
"205","true","0.59","34","53","36","0.04","0.59","34","53","36","0.3","0.2","0.02","2871","697","2872","1","24"
"216","true","0.59","34","53","36","0.04","0.59","34","53","36","0.3","0.2","0.02","985","438","986","2","12"
"204","true","0.59","34","53","36","0.04","0.59","34","53","36","0.3","0.2","0.02","3530","752","3531","2","24"
"207","true","0.59","34","53","36","0.04","0.59","34","53","36","0.3","0.2","0.02","2569","689","2570","2","23"
"218","true","0.59","34","53","36","0.04","0.59","34","53","36","0.3","0.2","0.02","1361","470","1362","2","20"
"203","true","0.59","34","53","36","0.04","0.59","34","53","36","0.3","0.2","0.02","4349","809","4350","2","29"
"219","true","0.59","34","53","36","0.04","0.59","34","53","36","0.3","0.2","0.02","2416","566","2417","2","20"
"198","true","0.59","34","53","36","0.04","0.59","34","53","36","0.2","0.2","0.02","4337","944","4338","2","30"
"215","true","0.59","34","53","36","0.04","0.59","34","53","36","0.3","0.2","0.02","3177","716","3178","2","24"
"211","true","0.59","34","53","36","0.04","0.59","34","53","36","0.3","0.2","0.02","2795","716","2796","2","20"
"224","true","0.59","34","53","36","0.04","0.59","34","53","36","0.3","0.2","0.02","1971","563","1972","2","22"
"214","true","0.59","34","53","36","0.04","0.59","34","53","36","0.3","0.2","0.02","3625","764","3626","2","19"
"225","true","0.59","34","53","36","0.04","0.59","34","53","36","0.3","0.2","0.02","1894","527","1895","1","22"
"217","true","0.59","34","53","36","0.04","0.59","34","53","36","0.3","0.2","0.02","4142","832","4143","2","27"
"222","true","0.59","34","53","36","0.04","0.59","34","53","36","0.3","0.2","0.02","2975","674","2976","2","22"
"223","true","0.59","34","53","36","0.04","0.59","34","53","36","0.3","0.2","0.02","3590","731","3591","2","24"
"230","true","0.59","34","53","36","0.04","0.59","34","53","36","0.3","0.2","0.02","1222","432","1223","2","14"
"221","true","0.59","34","53","36","0.04","0.59","34","53","36","0.3","0.2","0.02","4218","861","4219","2","19"
"234","true","0.59","34","53","36","0.04","0.59","34","53","36","0.3","0.2","0.02","1074","433","1075","1","19"
"213","true","0.59","34","53","36","0.04","0.59","34","53","36","0.3","0.2","0.02","4500","745","4501","2","18"
"231","true","0.59","34","53","36","0.04","0.59","34","53","36","0.3","0.2","0.02","2151","613","2152","1","28"
"226","true","0.59","34","53","36","0.04","0.59","34","53","36","0.3","0.2","0.02","3135","697","3136","2","19"
"227","true","0.59","34","53","36","0.04","0.59","34","53","36","0.3","0.2","0.02","3606","758","3607","2","26"
"229","true","0.59","34","53","36","0.04","0.59","34","53","36","0.3","0.2","0.02","2949","651","2950","2","27"
"235","true","0.59","34","53","36","0.04","0.59","34","53","36","0.3","0.2","0.02","1908","577","1909","1","24"
"236","true","0.59","34","53","36","0.04","0.59","34","53","36","0.3","0.2","0.02","2099","599","2100","2","26"
"228","true","0.59","34","53","36","0.04","0.59","34","53","36","0.3","0.2","0.02","3665","757","3666","2","20"
"232","true","0.59","34","53","36","0.04","0.59","34","53","36","0.3","0.2","0.02","3204","732","3205","1","25"
"246","true","0.59","34","53","36","0.04","0.59","34","53","36","0.3","0.2","0.02","953","380","954","1","5"
"240","true","0.59","34","53","36","0.04","0.59","34","53","36","0.3","0.2","0.02","1799","541","1800","1","26"
"233","true","0.59","34","53","36","0.04","0.59","34","53","36","0.3","0.2","0.02","2716","634","2717","1","24"
"245","true","0.59","34","53","36","0.04","0.59","34","53","36","0.3","0.2","0.02","922","413","923","2","10"
"239","true","0.59","34","53","36","0.04","0.59","34","53","36","0.3","0.2","0.02","2523","653","2524","2","23"
"243","true","0.59","34","53","36","0.04","0.59","34","53","36","0.3","0.2","0.02","1598","543","1599","1","21"
"237","true","0.59","34","53","36","0.04","0.59","34","53","36","0.3","0.2","0.02","3481","708","3482","2","24"
"238","true","0.59","34","53","36","0.04","0.59","34","53","36","0.3","0.2","0.02","3110","651","3111","2","27"
"220","true","0.59","34","53","36","0.04","0.59","34","53","36","0.3","0.2","0.02","4603","829","4604","2","20"
"253","true","0.59","34","53","36","0.04","0.59","34","53","36","0.3","0.2","0.02","1141","463","1142","2","21"
"241","true","0.59","34","53","36","0.04","0.59","34","53","36","0.3","0.2","0.02","3603","728","3604","2","23"
"248","true","0.59","34","53","36","0.04","0.59","34","53","36","0.3","0.2","0.02","1949","566","1950","1","20"
"249","true","0.59","34","53","36","0.04","0.59","34","53","36","0.3","0.2","0.02","1922","576","1923","2","28"
"242","true","0.59","34","53","36","0.04","0.59","34","53","36","0.3","0.2","0.02","4103","803","4104","2","30"
"244","true","0.59","34","53","36","0.04","0.59","34","53","36","0.3","0.2","0.02","3437","730","3438","2","28"
"251","true","0.59","34","53","36","0.04","0.59","34","53","36","0.3","0.2","0.02","3091","668","3092","2","25"
"247","true","0.59","34","53","36","0.04","0.59","34","53","36","0.3","0.2","0.02","4010","827","4011","2","18"
"252","true","0.59","34","53","36","0.04","0.59","34","53","36","0.3","0.2","0.02","3153","706","3154","1","21"
"257","true","0.59","34","53","36","0.04","0.59","34","53","36","0.3","0.2","0.02","2677","653","2678","2","18"
"262","true","0.59","34","53","36","0.04","0.59","34","53","36","0.3","0.2","0.02","2131","504","2132","2","10"
"260","true","0.59","34","53","36","0.04","0.59","34","53","36","0.3","0.2","0.02","2533","610","2534","1","27"
"250","true","0.59","34","53","36","0.04","0.59","34","53","36","0.3","0.2","0.02","3956","795","3957","2","30"
"255","true","0.59","34","53","36","0.04","0.59","34","53","36","0.3","0.2","0.02","2740","674","2741","2","22"
"263","true","0.59","34","53","36","0.04","0.59","34","53","36","0.3","0.2","0.02","1946","528","1947","1","21"
"256","true","0.59","34","53","36","0.04","0.59","34","53","36","0.3","0.2","0.02","3935","772","3936","2","22"
"259","true","0.59","34","53","36","0.04","0.59","34","53","36","0.3","0.2","0.02","3157","700","3158","2","22"
"261","true","0.59","34","53","36","0.04","0.59","34","53","36","0.3","0.2","0.02","3047","708","3048","1","25"
"258","true","0.59","34","53","36","0.04","0.59","34","53","36","0.3","0.2","0.02","4128","729","4129","2","19"
"254","true","0.59","34","53","36","0.04","0.59","34","53","36","0.3","0.2","0.02","4215","863","4216","2","23"
"266","true","0.59","34","53","36","0.04","0.59","34","53","36","0.3","0.2","0.02","3069","680","3070","2","22"
"270","true","0.59","34","53","36","0.04","0.59","34","53","36","0.3","0.2","0.02","3591","726","3592","2","19"
"268","true","0.59","34","53","36","0.04","0.59","34","53","36","0.3","0.2","0.02","3062","705","3063","1","22"
"277","true","0.59","34","53","36","0.04","0.59","34","53","36","0.3","0.2","0.02","729","340","730","2","4"
"265","true","0.59","34","53","36","0.04","0.59","34","53","36","0.3","0.2","0.02","4566","894","4567","2","27"
"273","true","0.59","34","53","36","0.04","0.59","34","53","36","0.3","0.2","0.02","3495","760","3496","2","21"
"274","true","0.59","34","53","36","0.04","0.59","34","53","36","0.3","0.2","0.02","2349","602","2350","1","19"
"264","true","0.59","34","53","36","0.04","0.59","34","53","36","0.3","0.2","0.02","4029","810","4030","2","23"
"276","true","0.59","34","53","36","0.04","0.59","34","53","36","0.3","0.2","0.02","2185","581","2186","1","24"
"269","true","0.59","34","53","36","0.04","0.59","34","53","36","0.3","0.2","0.02","2976","628","2977","2","25"
"267","true","0.59","34","53","36","0.04","0.59","34","53","36","0.3","0.2","0.02","4616","862","4617","2","25"
"271","true","0.59","34","53","36","0.04","0.59","34","53","36","0.3","0.2","0.02","4059","833","4060","2","26"
"280","true","0.59","34","53","36","0.04","0.59","34","53","36","0.3","0.2","0.02","1981","560","1982","1","26"
"286","true","0.59","34","53","36","0.04","0.59","34","53","36","0.3","0.2","0.02","2192","570","2193","1","21"
"287","true","0.59","34","53","36","0.04","0.59","34","53","36","0.3","0.2","0.02","2064","598","2065","2","28"
"283","true","0.59","34","53","36","0.04","0.59","34","53","36","0.3","0.2","0.02","2268","599","2269","2","24"
"272","true","0.59","34","53","36","0.04","0.59","34","53","36","0.3","0.2","0.02","4127","819","4128","2","26"
"279","true","0.59","34","53","36","0.04","0.59","34","53","36","0.3","0.2","0.02","3229","756","3230","2","31"
"282","true","0.59","34","53","36","0.04","0.59","34","53","36","0.3","0.2","0.02","2496","668","2497","2","21"
"278","true","0.59","34","53","36","0.04","0.59","34","53","36","0.3","0.2","0.02","2970","714","2971","1","21"
"275","true","0.59","34","53","36","0.04","0.59","34","53","36","0.3","0.2","0.02","4105","839","4106","2","17"
"288","true","0.59","34","53","36","0.04","0.59","34","53","36","0.3","0.2","0.02","2297","575","2298","1","25"
"290","true","0.59","34","53","36","0.04","0.59","34","53","36","0.3","0.2","0.02","1568","514","1569","1","20"
"281","true","0.59","34","53","36","0.04","0.59","34","53","36","0.3","0.2","0.02","4148","803","4149","2","31"
"295","true","0.59","34","53","36","0.04","0.59","34","53","36","0.3","0.2","0.02","1587","508","1588","1","22"
"284","true","0.59","34","53","36","0.04","0.59","34","53","36","0.3","0.2","0.02","4193","771","4194","2","18"
"292","true","0.59","34","53","36","0.04","0.59","34","53","36","0.3","0.2","0.02","2218","563","2219","1","27"
"297","true","0.59","34","53","36","0.04","0.59","34","53","36","0.3","0.2","0.02","1810","559","1811","1","29"
"291","true","0.59","34","53","36","0.04","0.59","34","53","36","0.3","0.2","0.02","2581","616","2582","2","29"
"303","true","0.59","34","53","36","0.04","0.59","34","53","36","0.4","0.2","0.02","1320","434","1321","2","14"
"294","true","0.59","34","53","36","0.04","0.59","34","53","36","0.3","0.2","0.02","2966","650","2967","2","25"
"302","true","0.59","34","53","36","0.04","0.59","34","53","36","0.4","0.2","0.02","1696","488","1697","1","19"
"296","true","0.59","34","53","36","0.04","0.59","34","53","36","0.3","0.2","0.02","3040","687","3041","2","21"
"289","true","0.59","34","53","36","0.04","0.59","34","53","36","0.3","0.2","0.02","4314","825","4315","2","21"
"293","true","0.59","34","53","36","0.04","0.59","34","53","36","0.3","0.2","0.02","3932","808","3933","2","27"
"285","true","0.59","34","53","36","0.04","0.59","34","53","36","0.3","0.2","0.02","3957","716","3958","2","23"
"298","true","0.59","34","53","36","0.04","0.59","34","53","36","0.3","0.2","0.02","3539","726","3540","2","21"
"307","true","0.59","34","53","36","0.04","0.59","34","53","36","0.4","0.2","0.02","1264","443","1265","2","17"
"299","true","0.59","34","53","36","0.04","0.59","34","53","36","0.3","0.2","0.02","3451","759","3452","2","26"
"309","true","0.59","34","53","36","0.04","0.59","34","53","36","0.4","0.2","0.02","1732","505","1733","1","25"
"310","true","0.59","34","53","36","0.04","0.59","34","53","36","0.4","0.2","0.02","1804","505","1805","2","18"
"301","true","0.59","34","53","36","0.04","0.59","34","53","36","0.4","0.2","0.02","3960","727","3961","2","17"
"312","true","0.59","34","53","36","0.04","0.59","34","53","36","0.4","0.2","0.02","2076","582","2077","2","31"
"305","true","0.59","34","53","36","0.04","0.59","34","53","36","0.4","0.2","0.02","3441","719","3442","2","19"
"300","true","0.59","34","53","36","0.04","0.59","34","53","36","0.3","0.2","0.02","4110","769","4111","2","26"
"317","true","0.59","34","53","36","0.04","0.59","34","53","36","0.4","0.2","0.02","2087","558","2088","1","25"
"304","true","0.59","34","53","36","0.04","0.59","34","53","36","0.4","0.2","0.02","3777","741","3778","2","23"
"308","true","0.59","34","53","36","0.04","0.59","34","53","36","0.4","0.2","0.02","3525","662","3526","1","13"
"318","true","0.59","34","53","36","0.04","0.59","34","53","36","0.4","0.2","0.02","2456","573","2457","2","23"
"315","true","0.59","34","53","36","0.04","0.59","34","53","36","0.4","0.2","0.02","3402","687","3403","1","19"
"321","true","0.59","34","53","36","0.04","0.59","34","53","36","0.4","0.2","0.02","1655","482","1656","1","23"
"314","true","0.59","34","53","36","0.04","0.59","34","53","36","0.4","0.2","0.02","3568","740","3569","2","26"
"313","true","0.59","34","53","36","0.04","0.59","34","53","36","0.4","0.2","0.02","3689","714","3690","2","23"
"306","true","0.59","34","53","36","0.04","0.59","34","53","36","0.4","0.2","0.02","4698","819","4699","2","30"
"316","true","0.59","34","53","36","0.04","0.59","34","53","36","0.4","0.2","0.02","4569","793","4570","2","27"
"311","true","0.59","34","53","36","0.04","0.59","34","53","36","0.4","0.2","0.02","3536","732","3537","2","29"
"322","true","0.59","34","53","36","0.04","0.59","34","53","36","0.4","0.2","0.02","2777","631","2778","2","20"
"319","true","0.59","34","53","36","0.04","0.59","34","53","36","0.4","0.2","0.02","4350","760","4351","2","24"
"325","true","0.59","34","53","36","0.04","0.59","34","53","36","0.4","0.2","0.02","3169","621","3170","2","21"
"320","true","0.59","34","53","36","0.04","0.59","34","53","36","0.4","0.2","0.02","3937","617","3938","2","17"
"330","true","0.59","34","53","36","0.04","0.59","34","53","36","0.4","0.2","0.02","2180","568","2181","1","23"
"333","true","0.59","34","53","36","0.04","0.59","34","53","36","0.4","0.2","0.02","1542","480","1543","1","14"
"331","true","0.59","34","53","36","0.04","0.59","34","53","36","0.4","0.2","0.02","1302","434","1303","2","16"
"326","true","0.59","34","53","36","0.04","0.59","34","53","36","0.4","0.2","0.02","3441","724","3442","2","21"
"327","true","0.59","34","53","36","0.04","0.59","34","53","36","0.4","0.2","0.02","3813","726","3814","2","24"
"324","true","0.59","34","53","36","0.04","0.59","34","53","36","0.4","0.2","0.02","4214","753","4215","2","26"
"323","true","0.59","34","53","36","0.04","0.59","34","53","36","0.4","0.2","0.02","3634","695","3635","2","23"
"329","true","0.59","34","53","36","0.04","0.59","34","53","36","0.4","0.2","0.02","3011","664","3012","2","28"
"337","true","0.59","34","53","36","0.04","0.59","34","53","36","0.4","0.2","0.02","2265","533","2266","1","15"
"328","true","0.59","34","53","36","0.04","0.59","34","53","36","0.4","0.2","0.02","3507","707","3508","2","19"
"336","true","0.59","34","53","36","0.04","0.59","34","53","36","0.4","0.2","0.02","3067","618","3068","2","20"
"343","true","0.59","34","53","36","0.04","0.59","34","53","36","0.4","0.2","0.02","1456","473","1457","1","26"
"332","true","0.59","34","53","36","0.04","0.59","34","53","36","0.4","0.2","0.02","3315","715","3316","2","28"
"334","true","0.59","34","53","36","0.04","0.59","34","53","36","0.4","0.2","0.02","3554","691","3555","2","20"
"340","true","0.59","34","53","36","0.04","0.59","34","53","36","0.4","0.2","0.02","3025","654","3026","2","27"
"349","true","0.59","34","53","36","0.04","0.59","34","53","36","0.4","0.2","0.02","952","380","953","1","9"
"335","true","0.59","34","53","36","0.04","0.59","34","53","36","0.4","0.2","0.02","3564","671","3565","2","22"
"339","true","0.59","34","53","36","0.04","0.59","34","53","36","0.4","0.2","0.02","3552","709","3553","2","31"
"341","true","0.59","34","53","36","0.04","0.59","34","53","36","0.4","0.2","0.02","4404","740","4405","2","17"
"350","true","0.59","34","53","36","0.04","0.59","34","53","36","0.4","0.2","0.02","2070","552","2071","2","29"
"345","true","0.59","34","53","36","0.04","0.59","34","53","36","0.4","0.2","0.02","3242","626","3243","2","19"
"346","true","0.59","34","53","36","0.04","0.59","34","53","36","0.4","0.2","0.02","3588","707","3589","2","24"
"344","true","0.59","34","53","36","0.04","0.59","34","53","36","0.4","0.2","0.02","3927","756","3928","1","32"
"338","true","0.59","34","53","36","0.04","0.59","34","53","36","0.4","0.2","0.02","3990","697","3991","2","22"
"348","true","0.59","34","53","36","0.04","0.59","34","53","36","0.4","0.2","0.02","3095","683","3096","1","28"
"342","true","0.59","34","53","36","0.04","0.59","34","53","36","0.4","0.2","0.02","4406","759","4407","1","29"
"354","true","0.59","34","53","36","0.04","0.59","34","53","36","0.4","0.2","0.02","2433","625","2434","2","28"
"353","true","0.59","34","53","36","0.04","0.59","34","53","36","0.4","0.2","0.02","3924","746","3925","2","20"
"351","true","0.59","34","53","36","0.04","0.59","34","53","36","0.4","0.2","0.02","4296","805","4297","2","20"
"352","true","0.59","34","53","36","0.04","0.59","34","53","36","0.4","0.2","0.02","3904","737","3905","2","20"
"355","true","0.59","34","53","36","0.04","0.59","34","53","36","0.4","0.2","0.02","3248","725","3249","2","26"
"360","true","0.59","34","53","36","0.04","0.59","34","53","36","0.4","0.2","0.02","1970","502","1971","1","26"
"347","true","0.59","34","53","36","0.04","0.59","34","53","36","0.4","0.2","0.02","4716","812","4717","2","23"
"358","true","0.59","34","53","36","0.04","0.59","34","53","36","0.4","0.2","0.02","2970","656","2971","2","26"
"357","true","0.59","34","53","36","0.04","0.59","34","53","36","0.4","0.2","0.02","3625","696","3626","2","11"
"367","true","0.59","34","53","36","0.04","0.59","34","53","36","0.4","0.2","0.02","1082","407","1083","1","16"
"362","true","0.59","34","53","36","0.04","0.59","34","53","36","0.4","0.2","0.02","2651","595","2652","2","17"
"361","true","0.59","34","53","36","0.04","0.59","34","53","36","0.4","0.2","0.02","2760","631","2761","2","27"
"364","true","0.59","34","53","36","0.04","0.59","34","53","36","0.4","0.2","0.02","3303","687","3304","2","24"
"369","true","0.59","34","53","36","0.04","0.59","34","53","36","0.4","0.2","0.02","2762","638","2763","2","22"
"356","true","0.59","34","53","36","0.04","0.59","34","53","36","0.4","0.2","0.02","4209","796","4210","2","26"
"370","true","0.59","34","53","36","0.04","0.59","34","53","36","0.4","0.2","0.02","3010","654","3011","2","21"
"363","true","0.59","34","53","36","0.04","0.59","34","53","36","0.4","0.2","0.02","4274","722","4275","2","22"
"366","true","0.59","34","53","36","0.04","0.59","34","53","36","0.4","0.2","0.02","4229","778","4230","2","24"
"378","true","0.59","34","53","36","0.04","0.59","34","53","36","0.4","0.2","0.02","1401","464","1402","1","19"
"374","true","0.59","34","53","36","0.04","0.59","34","53","36","0.4","0.2","0.02","2511","548","2512","1","19"
"368","true","0.59","34","53","36","0.04","0.59","34","53","36","0.4","0.2","0.02","3627","773","3628","2","29"
"371","true","0.59","34","53","36","0.04","0.59","34","53","36","0.4","0.2","0.02","3231","664","3232","2","26"
"372","true","0.59","34","53","36","0.04","0.59","34","53","36","0.4","0.2","0.02","4391","750","4392","2","21"
"365","true","0.59","34","53","36","0.04","0.59","34","53","36","0.4","0.2","0.02","3763","808","3764","2","27"
"359","true","0.59","34","53","36","0.04","0.59","34","53","36","0.4","0.2","0.02","4319","808","4320","2","25"
"375","true","0.59","34","53","36","0.04","0.59","34","53","36","0.4","0.2","0.02","3198","651","3199","2","18"
"373","true","0.59","34","53","36","0.04","0.59","34","53","36","0.4","0.2","0.02","3614","706","3615","2","25"
"383","true","0.59","34","53","36","0.04","0.59","34","53","36","0.4","0.2","0.02","1252","470","1253","1","22"
"376","true","0.59","34","53","36","0.04","0.59","34","53","36","0.4","0.2","0.02","3053","558","3054","2","18"
"379","true","0.59","34","53","36","0.04","0.59","34","53","36","0.4","0.2","0.02","2734","596","2735","2","14"
"377","true","0.59","34","53","36","0.04","0.59","34","53","36","0.4","0.2","0.02","4322","776","4323","2","26"
"381","true","0.59","34","53","36","0.04","0.59","34","53","36","0.4","0.2","0.02","3256","699","3257","1","23"
"387","true","0.59","34","53","36","0.04","0.59","34","53","36","0.4","0.2","0.02","2187","568","2188","1","32"
"380","true","0.59","34","53","36","0.04","0.59","34","53","36","0.4","0.2","0.02","3345","672","3346","1","19"
"386","true","0.59","34","53","36","0.04","0.59","34","53","36","0.4","0.2","0.02","1836","509","1837","1","21"
"394","true","0.59","34","53","36","0.04","0.59","34","53","36","0.4","0.2","0.02","706","321","707","2","8"
"384","true","0.59","34","53","36","0.04","0.59","34","53","36","0.4","0.2","0.02","3764","666","3765","2","23"
"396","true","0.59","34","53","36","0.04","0.59","34","53","36","0.4","0.2","0.02","806","338","807","2","4"
"382","true","0.59","34","53","36","0.04","0.59","34","53","36","0.4","0.2","0.02","3790","671","3791","2","24"
"392","true","0.59","34","53","36","0.04","0.59","34","53","36","0.4","0.2","0.02","2253","567","2254","2","21"
"391","true","0.59","34","53","36","0.04","0.59","34","53","36","0.4","0.2","0.02","3064","629","3065","2","16"
"385","true","0.59","34","53","36","0.04","0.59","34","53","36","0.4","0.2","0.02","3438","663","3439","2","24"
"390","true","0.59","34","53","36","0.04","0.59","34","53","36","0.4","0.2","0.02","2858","630","2859","2","21"
"389","true","0.59","34","53","36","0.04","0.59","34","53","36","0.4","0.2","0.02","3250","647","3251","2","14"
"397","true","0.59","34","53","36","0.04","0.59","34","53","36","0.4","0.2","0.02","2567","590","2568","2","16"
"393","true","0.59","34","53","36","0.04","0.59","34","53","36","0.4","0.2","0.02","3190","669","3191","2","24"
"395","true","0.59","34","53","36","0.04","0.59","34","53","36","0.4","0.2","0.02","3301","706","3302","1","24"
"401","true","0.59","34","53","36","0.04","0.59","34","53","36","0.5","0.2","0.02","2530","549","2531","1","23"
"388","true","0.59","34","53","36","0.04","0.59","34","53","36","0.4","0.2","0.02","4466","833","4467","2","24"
"399","true","0.59","34","53","36","0.04","0.59","34","53","36","0.4","0.2","0.02","2231","547","2232","2","27"
"402","true","0.59","34","53","36","0.04","0.59","34","53","36","0.5","0.2","0.02","3003","611","3004","2","27"
"411","true","0.59","34","53","36","0.04","0.59","34","53","36","0.5","0.2","0.02","614","266","615","1","2"
"398","true","0.59","34","53","36","0.04","0.59","34","53","36","0.4","0.2","0.02","4340","739","4341","2","13"
"408","true","0.59","34","53","36","0.04","0.59","34","53","36","0.5","0.2","0.02","2305","552","2306","2","23"
"404","true","0.59","34","53","36","0.04","0.59","34","53","36","0.5","0.2","0.02","3272","708","3273","2","28"
"400","true","0.59","34","53","36","0.04","0.59","34","53","36","0.4","0.2","0.02","3771","743","3772","2","24"
"405","true","0.59","34","53","36","0.04","0.59","34","53","36","0.5","0.2","0.02","4037","688","4038","2","24"
"406","true","0.59","34","53","36","0.04","0.59","34","53","36","0.5","0.2","0.02","4008","713","4009","2","21"
"407","true","0.59","34","53","36","0.04","0.59","34","53","36","0.5","0.2","0.02","3972","717","3973","2","24"
"403","true","0.59","34","53","36","0.04","0.59","34","53","36","0.5","0.2","0.02","4214","778","4215","2","25"
"419","true","0.59","34","53","36","0.04","0.59","34","53","36","0.5","0.2","0.02","927","343","928","2","8"
"421","true","0.59","34","53","36","0.04","0.59","34","53","36","0.5","0.2","0.02","711","312","712","2","4"
"418","true","0.59","34","53","36","0.04","0.59","34","53","36","0.5","0.2","0.02","1152","382","1153","1","13"
"409","true","0.59","34","53","36","0.04","0.59","34","53","36","0.5","0.2","0.02","4154","730","4155","1","25"
"415","true","0.59","34","53","36","0.04","0.59","34","53","36","0.5","0.2","0.02","2432","584","2433","2","23"
"410","true","0.59","34","53","36","0.04","0.59","34","53","36","0.5","0.2","0.02","3228","695","3229","2","27"
"412","true","0.59","34","53","36","0.04","0.59","34","53","36","0.5","0.2","0.02","3593","677","3594","1","30"
"414","true","0.59","34","53","36","0.04","0.59","34","53","36","0.5","0.2","0.02","3475","708","3476","2","25"
"425","true","0.59","34","53","36","0.04","0.59","34","53","36","0.5","0.2","0.02","1818","498","1819","2","18"
"413","true","0.59","34","53","36","0.04","0.59","34","53","36","0.5","0.2","0.02","3232","692","3233","2","23"
"417","true","0.59","34","53","36","0.04","0.59","34","53","36","0.5","0.2","0.02","3442","652","3443","2","15"
"423","true","0.59","34","53","36","0.04","0.59","34","53","36","0.5","0.2","0.02","2578","608","2579","1","16"
"427","true","0.59","34","53","36","0.04","0.59","34","53","36","0.5","0.2","0.02","2434","536","2435","1","23"
"416","true","0.59","34","53","36","0.04","0.59","34","53","36","0.5","0.2","0.02","3722","655","3723","2","17"
"422","true","0.59","34","53","36","0.04","0.59","34","53","36","0.5","0.2","0.02","3615","732","3616","2","22"
"426","true","0.59","34","53","36","0.04","0.59","34","53","36","0.5","0.2","0.02","3835","695","3836","2","27"
"420","true","0.59","34","53","36","0.04","0.59","34","53","36","0.5","0.2","0.02","4595","766","4596","2","27"
"424","true","0.59","34","53","36","0.04","0.59","34","53","36","0.5","0.2","0.02","3505","656","3506","2","25"
"428","true","0.59","34","53","36","0.04","0.59","34","53","36","0.5","0.2","0.02","3972","722","3973","2","25"
"439","true","0.59","34","53","36","0.04","0.59","34","53","36","0.5","0.2","0.02","808","321","809","2","2"
"429","true","0.59","34","53","36","0.04","0.59","34","53","36","0.5","0.2","0.02","4422","738","4423","2","21"
"436","true","0.59","34","53","36","0.04","0.59","34","53","36","0.5","0.2","0.02","2481","569","2482","1","18"
"430","true","0.59","34","53","36","0.04","0.59","34","53","36","0.5","0.2","0.02","3973","773","3974","2","25"
"437","true","0.59","34","53","36","0.04","0.59","34","53","36","0.5","0.2","0.02","2111","526","2112","2","24"
"438","true","0.59","34","53","36","0.04","0.59","34","53","36","0.5","0.2","0.02","2258","559","2259","2","13"
"432","true","0.59","34","53","36","0.04","0.59","34","53","36","0.5","0.2","0.02","3620","630","3621","1","15"
"433","true","0.59","34","53","36","0.04","0.59","34","53","36","0.5","0.2","0.02","3889","672","3890","2","18"
"435","true","0.59","34","53","36","0.04","0.59","34","53","36","0.5","0.2","0.02","4097","687","4098","2","21"
"448","true","0.59","34","53","36","0.04","0.59","34","53","36","0.5","0.2","0.02","1025","400","1026","1","12"
"444","true","0.59","34","53","36","0.04","0.59","34","53","36","0.5","0.2","0.02","3275","581","3276","2","18"
"431","true","0.59","34","53","36","0.04","0.59","34","53","36","0.5","0.2","0.02","3963","675","3964","2","21"
"434","true","0.59","34","53","36","0.04","0.59","34","53","36","0.5","0.2","0.02","4809","745","4810","2","18"
"440","true","0.59","34","53","36","0.04","0.59","34","53","36","0.5","0.2","0.02","3975","817","3976","2","24"
"450","true","0.59","34","53","36","0.04","0.59","34","53","36","0.5","0.2","0.02","1177","398","1178","1","13"
"441","true","0.59","34","53","36","0.04","0.59","34","53","36","0.5","0.2","0.02","3755","613","3756","2","20"
"443","true","0.59","34","53","36","0.04","0.59","34","53","36","0.5","0.2","0.02","3936","666","3937","2","18"
"445","true","0.59","34","53","36","0.04","0.59","34","53","36","0.5","0.2","0.02","3596","728","3597","2","24"
"446","true","0.59","34","53","36","0.04","0.59","34","53","36","0.5","0.2","0.02","3411","649","3412","2","24"
"456","true","0.59","34","53","36","0.04","0.59","34","53","36","0.5","0.2","0.02","898","353","899","1","16"
"451","true","0.59","34","53","36","0.04","0.59","34","53","36","0.5","0.2","0.02","2592","588","2593","2","20"
"454","true","0.59","34","53","36","0.04","0.59","34","53","36","0.5","0.2","0.02","1908","526","1909","1","25"
"442","true","0.59","34","53","36","0.04","0.59","34","53","36","0.5","0.2","0.02","4752","849","4753","2","31"
"447","true","0.59","34","53","36","0.04","0.59","34","53","36","0.5","0.2","0.02","3652","687","3653","2","19"
"449","true","0.59","34","53","36","0.04","0.59","34","53","36","0.5","0.2","0.02","3086","630","3087","2","16"
"463","true","0.59","34","53","36","0.04","0.59","34","53","36","0.5","0.2","0.02","1260","425","1261","2","22"
"457","true","0.59","34","53","36","0.04","0.59","34","53","36","0.5","0.2","0.02","3322","655","3323","1","26"
"459","true","0.59","34","53","36","0.04","0.59","34","53","36","0.5","0.2","0.02","3466","716","3467","2","24"
"461","true","0.59","34","53","36","0.04","0.59","34","53","36","0.5","0.2","0.02","3331","682","3332","2","20"
"458","true","0.59","34","53","36","0.04","0.59","34","53","36","0.5","0.2","0.02","4134","715","4135","2","20"
"460","true","0.59","34","53","36","0.04","0.59","34","53","36","0.5","0.2","0.02","3215","596","3216","2","15"
"462","true","0.59","34","53","36","0.04","0.59","34","53","36","0.5","0.2","0.02","3528","669","3529","2","31"
"453","true","0.59","34","53","36","0.04","0.59","34","53","36","0.5","0.2","0.02","4179","734","4180","2","16"
"464","true","0.59","34","53","36","0.04","0.59","34","53","36","0.5","0.2","0.02","3047","636","3048","2","19"
"455","true","0.59","34","53","36","0.04","0.59","34","53","36","0.5","0.2","0.02","4444","705","4445","2","15"
"467","true","0.59","34","53","36","0.04","0.59","34","53","36","0.5","0.2","0.02","2922","673","2923","1","30"
"466","true","0.59","34","53","36","0.04","0.59","34","53","36","0.5","0.2","0.02","3967","679","3968","2","22"
"452","true","0.59","34","53","36","0.04","0.59","34","53","36","0.5","0.2","0.02","4037","778","4038","2","23"
"474","true","0.59","34","53","36","0.04","0.59","34","53","36","0.5","0.2","0.02","1312","407","1313","2","16"
"476","true","0.59","34","53","36","0.04","0.59","34","53","36","0.5","0.2","0.02","795","331","796","2","9"
"472","true","0.59","34","53","36","0.04","0.59","34","53","36","0.5","0.2","0.02","2283","538","2284","1","19"
"469","true","0.59","34","53","36","0.04","0.59","34","53","36","0.5","0.2","0.02","3067","664","3068","1","27"
"468","true","0.59","34","53","36","0.04","0.59","34","53","36","0.5","0.2","0.02","3709","649","3710","2","5"
"470","true","0.59","34","53","36","0.04","0.59","34","53","36","0.5","0.2","0.02","3685","654","3686","2","16"
"475","true","0.59","34","53","36","0.04","0.59","34","53","36","0.5","0.2","0.02","2041","524","2042","2","24"
"479","true","0.59","34","53","36","0.04","0.59","34","53","36","0.5","0.2","0.02","1549","459","1550","2","16"
"465","true","0.59","34","53","36","0.04","0.59","34","53","36","0.5","0.2","0.02","4318","750","4319","2","25"
"481","true","0.59","34","53","36","0.04","0.59","34","53","36","0.5","0.2","0.02","2551","589","2552","1","22"
"482","true","0.59","34","53","36","0.04","0.59","34","53","36","0.5","0.2","0.02","2796","589","2797","2","20"
"488","true","0.59","34","53","36","0.04","0.59","34","53","36","0.5","0.2","0.02","723","297","724","1","4"
"483","true","0.59","34","53","36","0.04","0.59","34","53","36","0.5","0.2","0.02","2489","597","2490","2","32"
"477","true","0.59","34","53","36","0.04","0.59","34","53","36","0.5","0.2","0.02","3711","700","3712","2","25"
"471","true","0.59","34","53","36","0.04","0.59","34","53","36","0.5","0.2","0.02","4042","780","4043","2","26"
"480","true","0.59","34","53","36","0.04","0.59","34","53","36","0.5","0.2","0.02","3857","696","3858","2","24"
"486","true","0.59","34","53","36","0.04","0.59","34","53","36","0.5","0.2","0.02","2351","583","2352","2","28"
"487","true","0.59","34","53","36","0.04","0.59","34","53","36","0.5","0.2","0.02","2159","548","2160","2","21"
"491","true","0.59","34","53","36","0.04","0.59","34","53","36","0.5","0.2","0.02","1526","451","1527","2","16"
"484","true","0.59","34","53","36","0.04","0.59","34","53","36","0.5","0.2","0.02","3407","692","3408","2","22"
"473","true","0.59","34","53","36","0.04","0.59","34","53","36","0.5","0.2","0.02","4378","745","4379","2","20"
"489","true","0.59","34","53","36","0.04","0.59","34","53","36","0.5","0.2","0.02","2348","593","2349","1","13"
"478","true","0.59","34","53","36","0.04","0.59","34","53","36","0.5","0.2","0.02","3620","690","3621","1","25"
"493","true","0.59","34","53","36","0.04","0.59","34","53","36","0.5","0.2","0.02","2249","526","2250","2","26"
"492","true","0.59","34","53","36","0.04","0.59","34","53","36","0.5","0.2","0.02","3072","648","3073","2","18"
"485","true","0.59","34","53","36","0.04","0.59","34","53","36","0.5","0.2","0.02","3769","743","3770","2","25"
"490","true","0.59","34","53","36","0.04","0.59","34","53","36","0.5","0.2","0.02","3598","689","3599","2","19"
"499","true","0.59","34","53","36","0.04","0.59","34","53","36","0.5","0.2","0.02","2390","560","2391","2","22"
"496","true","0.59","34","53","36","0.04","0.59","34","53","36","0.5","0.2","0.02","2803","620","2804","1","19"
"497","true","0.59","34","53","36","0.04","0.59","34","53","36","0.5","0.2","0.02","2935","616","2936","2","24"
"498","true","0.59","34","53","36","0.04","0.59","34","53","36","0.5","0.2","0.02","3737","705","3738","2","26"
"495","true","0.59","34","53","36","0.04","0.59","34","53","36","0.5","0.2","0.02","3928","706","3929","2","21"
"494","true","0.59","34","53","36","0.04","0.59","34","53","36","0.5","0.2","0.02","4008","727","4009","2","23"
"500","true","0.59","34","53","36","0.04","0.59","34","53","36","0.5","0.2","0.02","3582","717","3583","2","32"
